Secret ARN,Secret name,Region,Managed by CyberArk,Managed by AWS,Creation date (UTC),Last accessed (UTC),Last updated (UTC),Description,Used in the last 60 days,KMS Key ID,Tags
arn:aws:secretsmanager:ca-central-1:475601244925:secret:JodyDemo/MSSQLServer2-lMwoZn,JodyDemo/MSSQLServer2,ca-central-1,True,False,02/16/23,07/19/23,03/10/23,None,True,Default,[{'Key': 'CA_iCreator_Date'; 'Value': '2023-02-16T19:13:27Z'}; {'Key': 'CA_iCreator_Role'; 'Value': 'JodySHstack-AllowSecretsAccessRole-QPAF2WPK3PTV'}; {'Key': 'CyberArk Account'; 'Value': 'MSSQLServer2'}; {'Key': 'Sourced by CyberArk'; 'Value': ''}; {'Key': 'CyberArk PAM'; 'Value': 'Privilege Cloud'}; {'Key': 'CyberArk Safe'; 'Value': 'JodyDemo'}; {'Key': 'CyberArk Platform'; 'Value': 'MSSql'}; {'Key': 'CA_iCreator_CreatorBy'; 'Value': 'AssumeRoleSession45d67fdf-bc12-46af-9409-334e857bb08c'}]
arn:aws:secretsmanager:ca-central-1:475601244925:secret:JodyDemo/MSSQLServer3-oIib0Q,JodyDemo/MSSQLServer3,ca-central-1,True,False,02/16/23,None,02/16/23,None,False,Default,[{'Key': 'CA_iCreator_Date'; 'Value': '2023-02-16T19:35:59Z'}; {'Key': 'CA_iCreator_Role'; 'Value': 'JodySHstack-AllowSecretsAccessRole-QPAF2WPK3PTV'}; {'Key': 'CyberArk Account'; 'Value': 'MSSQLServer3'}; {'Key': 'Sourced by CyberArk'; 'Value': ''}; {'Key': 'CyberArk PAM'; 'Value': 'Privilege Cloud'}; {'Key': 'CyberArk Safe'; 'Value': 'JodyDemo'}; {'Key': 'CyberArk Platform'; 'Value': 'MSSql'}; {'Key': 'CA_iCreator_CreatorBy'; 'Value': 'AssumeRoleSession14044d7b-f774-46d6-bf5a-00735295d816'}]
arn:aws:secretsmanager:ca-central-1:475601244925:secret:JodyDemo/MSSQLServer4-TzrvG9,JodyDemo/MSSQLServer4,ca-central-1,True,False,02/16/23,02/22/23,02/22/23,None,False,Default,[{'Key': 'CyberArk Safe'; 'Value': 'JodyDemo'}; {'Key': 'CyberArk Platform'; 'Value': 'MSSql'}; {'Key': 'CyberArk Account'; 'Value': 'MSSQLServer4'}; {'Key': 'Sourced by CyberArk'; 'Value': ''}; {'Key': 'CyberArk PAM'; 'Value': 'Privilege Cloud'}]
arn:aws:secretsmanager:ca-central-1:475601244925:secret:ztclp-01/ec2-54-211-57-48.compute-1.amazonaws.com-uAyign,ztclp-01/ec2-54-211-57-48.compute-1.amazonaws.com,ca-central-1,True,False,07/18/23,None,07/19/23,None,False,Default,[{'Key': 'CyberArk Safe'; 'Value': 'ztclp-01'}; {'Key': 'CyberArk Secret ID'; 'Value': 'heyf6my8'}; {'Key': 'CyberArk Account'; 'Value': 'ec2-54-211-57-48.compute-1.amazonaws.com'}; {'Key': 'CyberArk PAM'; 'Value': 'Privilege Cloud'}; {'Key': 'Sourced by CyberArk'; 'Value': ''}]
arn:aws:secretsmanager:ca-central-1:475601244925:secret:ztclp-01/ec2-18-232-197-67.compute-1.amazonaws.com-oDG06H,ztclp-01/ec2-18-232-197-67.compute-1.amazonaws.com,ca-central-1,True,False,07/19/23,None,07/19/23,None,False,Default,[{'Key': 'CyberArk Safe'; 'Value': 'ztclp-01'}; {'Key': 'CyberArk Secret ID'; 'Value': 'heyf6nq8'}; {'Key': 'CyberArk Account'; 'Value': 'ec2-18-232-197-67.compute-1.amazonaws.com'}; {'Key': 'CyberArk PAM'; 'Value': 'Privilege Cloud'}; {'Key': 'Sourced by CyberArk'; 'Value': ''}]
arn:aws:secretsmanager:ca-central-1:475601244925:secret:ztclp-01/ec2-44-214-223-77.compute-1.amazonaws.com-9Xu51I,ztclp-01/ec2-44-214-223-77.compute-1.amazonaws.com,ca-central-1,True,False,07/19/23,None,07/19/23,None,False,Default,[{'Key': 'CyberArk Safe'; 'Value': 'ztclp-01'}; {'Key': 'CyberArk Secret ID'; 'Value': 'heyf6ny8'}; {'Key': 'CyberArk Account'; 'Value': 'ec2-44-214-223-77.compute-1.amazonaws.com'}; {'Key': 'CyberArk PAM'; 'Value': 'Privilege Cloud'}; {'Key': 'Sourced by CyberArk'; 'Value': ''}]
arn:aws:secretsmanager:ca-central-1:475601244925:secret:ztclp-01/ec2-52-73-114-8.compute-1.amazonaws.com-eGsddM,ztclp-01/ec2-52-73-114-8.compute-1.amazonaws.com,ca-central-1,True,False,07/19/23,07/19/23,07/19/23,None,True,Default,[{'Key': 'CyberArk Safe'; 'Value': 'ztclp-01'}; {'Key': 'CyberArk Secret ID'; 'Value': 'heyf6oa8'}; {'Key': 'CyberArk Account'; 'Value': 'ec2-52-73-114-8.compute-1.amazonaws.com'}; {'Key': 'CyberArk PAM'; 'Value': 'Privilege Cloud'}; {'Key': 'Sourced by CyberArk'; 'Value': ''}]
arn:aws:secretsmanager:ca-central-1:475601244925:secret:ztclp-01/ec2-3-93-110-229.compute-1.amazonaws.com-8TaMJ3,ztclp-01/ec2-3-93-110-229.compute-1.amazonaws.com,ca-central-1,True,False,07/19/23,None,07/19/23,None,False,Default,[{'Key': 'CyberArk Safe'; 'Value': 'ztclp-01'}; {'Key': 'CyberArk Secret ID'; 'Value': 'heyf6oi8'}; {'Key': 'CyberArk Account'; 'Value': 'ec2-3-93-110-229.compute-1.amazonaws.com'}; {'Key': 'CyberArk PAM'; 'Value': 'Privilege Cloud'}; {'Key': 'Sourced by CyberArk'; 'Value': ''}]
arn:aws:secretsmanager:ca-central-1:475601244925:secret:ztclp-01/ec2-18-208-233-20.compute-1.amazonaws.com-6jWBAw,ztclp-01/ec2-18-208-233-20.compute-1.amazonaws.com,ca-central-1,True,False,07/19/23,None,07/19/23,None,False,Default,[{'Key': 'CyberArk Safe'; 'Value': 'ztclp-01'}; {'Key': 'CyberArk Secret ID'; 'Value': 'heyf6mjq'}; {'Key': 'CyberArk Account'; 'Value': 'ec2-18-208-233-20.compute-1.amazonaws.com'}; {'Key': 'CyberArk PAM'; 'Value': 'Privilege Cloud'}; {'Key': 'Sourced by CyberArk'; 'Value': ''}]
arn:aws:secretsmanager:ca-central-1:475601244925:secret:JodyDemo/MySQL-DB2-Yq0Esg,JodyDemo/MySQL-DB2,ca-central-1,True,False,07/20/23,None,07/27/23,None,False,Default,[{'Key': 'CA_iCreator_Date'; 'Value': '2023-07-20T21:26:48Z'}; {'Key': 'CA_iCreator_Role'; 'Value': 'JodySHstack-AllowSecretsAccessRole-QPAF2WPK3PTV'}; {'Key': 'CyberArk Account'; 'Value': 'MySQL-DB2'}; {'Key': 'CyberArk PAM'; 'Value': 'Privilege Cloud'}; {'Key': 'Sourced by CyberArk'; 'Value': ''}; {'Key': 'CyberArk Safe'; 'Value': 'JodyDemo'}; {'Key': 'CyberArk Secret ID'; 'Value': 'ge4v6oa8'}; {'Key': 'CA_iCreator_CreatorBy'; 'Value': 'AssumeRoleSession69b33a22-a916-41ae-92cb-433bd6c751cb'}]
arn:aws:secretsmanager:ca-central-1:475601244925:secret:JodyDemo/MySQL-Onboarded-xKg8I8,JodyDemo/MySQL-Onboarded,ca-central-1,True,False,08/02/23,None,08/02/23,None,False,Default,[{'Key': 'CA_iCreator_Date'; 'Value': '2023-08-02T18:33:25Z'}; {'Key': 'CA_iCreator_Role'; 'Value': 'JodySHstack-AllowSecretsAccessRole-QPAF2WPK3PTV'}; {'Key': 'CyberArk Account'; 'Value': 'MySQL-Onboarded'}; {'Key': 'CyberArk PAM'; 'Value': 'Privilege Cloud'}; {'Key': 'Sourced by CyberArk'; 'Value': ''}; {'Key': 'CyberArk Safe'; 'Value': 'JodyDemo'}; {'Key': 'CyberArk Secret ID'; 'Value': 'ge4v6mjt'}; {'Key': 'CA_iCreator_CreatorBy'; 'Value': 'AssumeRoleSessionfc9e3364-39eb-4b60-9822-29641fc0bb85'}]
arn:aws:secretsmanager:ca-central-1:475601244925:secret:JodyDemo/i-02cf079fd0d9d1296-4GrMfi,JodyDemo/i-02cf079fd0d9d1296,ca-central-1,True,False,08/07/23,None,08/08/23,None,False,Default,[{'Key': 'CA_iCreator_Date'; 'Value': '2023-08-07T18:54:29Z'}; {'Key': 'CA_iCreator_Role'; 'Value': 'JodySHstack-AllowSecretsAccessRole-QPAF2WPK3PTV'}; {'Key': 'CyberArk Account'; 'Value': 'i-02cf079fd0d9d1296'}; {'Key': 'CyberArk PAM'; 'Value': 'Privilege Cloud'}; {'Key': 'Sourced by CyberArk'; 'Value': ''}; {'Key': 'CyberArk Safe'; 'Value': 'JodyDemo'}; {'Key': 'CyberArk Secret ID'; 'Value': 'ge4v6mjy'}; {'Key': 'CA_iCreator_CreatorBy'; 'Value': 'AssumeRoleSession83e51016-ff2d-430f-8d6a-212ea2c68581'}]
arn:aws:secretsmanager:ca-central-1:475601244925:secret:JodyDemo/Database-MySQL-Dual-testuser3-OFCauN,JodyDemo/Database-MySQL-Dual-testuser3,ca-central-1,True,False,08/23/23,08/29/23,08/23/23,None,True,Default,[{'Key': 'CA_iCreator_Date'; 'Value': '2023-08-23T17:37:14Z'}; {'Key': 'CA_iCreator_Role'; 'Value': 'JodySHstack-AllowSecretsAccessRole-QPAF2WPK3PTV'}; {'Key': 'CyberArk Account'; 'Value': 'Database-MySQL-Dual-testuser3'}; {'Key': 'CyberArk PAM'; 'Value': 'Privilege Cloud'}; {'Key': 'Sourced by CyberArk'; 'Value': ''}; {'Key': 'CyberArk Safe'; 'Value': 'JodyDemo'}; {'Key': 'CyberArk Secret ID'; 'Value': 'ge4v6mrt'}; {'Key': 'CA_iCreator_CreatorBy'; 'Value': 'AssumeRoleSessionc929108c-6151-4906-8458-ff04cdba68c9'}]
arn:aws:secretsmanager:eu-west-2:475601244925:secret:ztclp-01/ec2-44-217-216-17.compute-1.amazonaws.com-i68Zr7,ztclp-01/ec2-44-217-216-17.compute-1.amazonaws.com,eu-west-2,True,False,08/22/23,None,08/22/23,None,False,Default,[{'Key': 'CyberArk Safe'; 'Value': 'ztclp-01'}; {'Key': 'CyberArk Secret ID'; 'Value': 'heyf6mrs'}; {'Key': 'CyberArk Account'; 'Value': 'ec2-44-217-216-17.compute-1.amazonaws.com'}; {'Key': 'CyberArk PAM'; 'Value': 'Privilege Cloud'}; {'Key': 'Sourced by CyberArk'; 'Value': ''}]
arn:aws:secretsmanager:eu-west-2:475601244925:secret:ztclp-01/ec2-34-231-203-243.compute-1.amazonaws.com-dNUQFC,ztclp-01/ec2-34-231-203-243.compute-1.amazonaws.com,eu-west-2,True,False,08/28/23,08/28/23,08/29/23,None,True,Default,[{'Key': 'CyberArk Safe'; 'Value': 'ztclp-01'}; {'Key': 'CyberArk Secret ID'; 'Value': 'heyf6mrz'}; {'Key': 'CyberArk Account'; 'Value': 'ec2-34-231-203-243.compute-1.amazonaws.com'}; {'Key': 'CyberArk PAM'; 'Value': 'Privilege Cloud'}; {'Key': 'Sourced by CyberArk'; 'Value': ''}]
arn:aws:secretsmanager:eu-west-2:475601244925:secret:ztclp-01/ec2-100-24-245-46.compute-1.amazonaws.com-uPR53D,ztclp-01/ec2-100-24-245-46.compute-1.amazonaws.com,eu-west-2,True,False,08/29/23,None,08/29/23,None,False,Default,[{'Key': 'CyberArk Safe'; 'Value': 'ztclp-01'}; {'Key': 'CyberArk Secret ID'; 'Value': 'heyf6mzq'}; {'Key': 'CyberArk Account'; 'Value': 'ec2-100-24-245-46.compute-1.amazonaws.com'}; {'Key': 'CyberArk PAM'; 'Value': 'Privilege Cloud'}; {'Key': 'Sourced by CyberArk'; 'Value': ''}]
arn:aws:secretsmanager:sa-east-1:475601244925:secret:aslan_devops_prod/iwt2023mx-mssql-OpDeAr,aslan_devops_prod/iwt2023mx-mssql,sa-east-1,True,False,06/20/23,None,06/26/23,None,False,Default,[{'Key': 'CyberArk Safe'; 'Value': 'aslan_devops_prod'}; {'Key': 'CyberArk Platform'; 'Value': 'MSSql'}; {'Key': 'CyberArk Account'; 'Value': 'iwt2023mx-mssql'}; {'Key': 'Sourced by CyberArk'; 'Value': ''}; {'Key': 'CyberArk PAM'; 'Value': 'Privilege Cloud'}]
arn:aws:secretsmanager:sa-east-1:475601244925:secret:aslan_devops_prod/aslan_mysql-DrE8Vj,aslan_devops_prod/aslan_mysql,sa-east-1,True,False,06/26/23,06/26/23,06/26/23,None,False,Default,[{'Key': 'CyberArk Safe'; 'Value': 'aslan_devops_prod'}; {'Key': 'CyberArk Platform'; 'Value': 'MSSql'}; {'Key': 'CyberArk Account'; 'Value': 'aslan_mysql'}; {'Key': 'Sourced by CyberArk'; 'Value': ''}; {'Key': 'CyberArk PAM'; 'Value': 'Privilege Cloud'}]
arn:aws:secretsmanager:sa-east-1:475601244925:secret:devsecops/dockerhub_aslan-e2NYGw,devsecops/dockerhub_aslan,sa-east-1,True,False,07/19/23,07/19/23,07/19/23,None,True,Default,[{'Key': 'CyberArk Safe'; 'Value': 'devsecops'}; {'Key': 'CyberArk Secret ID'; 'Value': 'gqzv6nq8'}; {'Key': 'CyberArk Account'; 'Value': 'dockerhub_aslan'}; {'Key': 'CyberArk PAM'; 'Value': 'Privilege Cloud'}; {'Key': 'Sourced by CyberArk'; 'Value': ''}]
arn:aws:secretsmanager:sa-east-1:475601244925:secret:devsecops/gitlab-admin-account-WxUtBj,devsecops/gitlab-admin-account,sa-east-1,True,False,07/19/23,07/19/23,07/19/23,None,True,Default,[{'Key': 'CyberArk Safe'; 'Value': 'devsecops'}; {'Key': 'CyberArk Secret ID'; 'Value': 'gqzv6ni8'}; {'Key': 'CyberArk Account'; 'Value': 'gitlab-admin-account'}; {'Key': 'CyberArk PAM'; 'Value': 'Privilege Cloud'}; {'Key': 'Sourced by CyberArk'; 'Value': ''}]
arn:aws:secretsmanager:sa-east-1:475601244925:secret:devsecops/coinAPI-agd9uF,devsecops/coinAPI,sa-east-1,True,False,07/19/23,08/11/23,08/10/23,None,True,Default,[{'Key': 'CyberArk Safe'; 'Value': 'devsecops'}; {'Key': 'CyberArk Secret ID'; 'Value': 'gqzv6ny8'}; {'Key': 'CyberArk Account'; 'Value': 'coinAPI'}; {'Key': 'CyberArk PAM'; 'Value': 'Privilege Cloud'}; {'Key': 'Sourced by CyberArk'; 'Value': ''}]
arn:aws:secretsmanager:sa-east-1:475601244925:secret:aslan_devops_prod/aslan_secretsweek-7V04Ee,aslan_devops_prod/aslan_secretsweek,sa-east-1,True,False,07/24/23,07/24/23,07/30/23,None,True,Default,[{'Key': 'CyberArk Safe'; 'Value': 'aslan_devops_prod'}; {'Key': 'CyberArk Secret ID'; 'Value': 'gq2v6nq8'}; {'Key': 'CyberArk Account'; 'Value': 'aslan_secretsweek'}; {'Key': 'CyberArk PAM'; 'Value': 'Privilege Cloud'}; {'Key': 'Sourced by CyberArk'; 'Value': ''}]
arn:aws:secretsmanager:sa-east-1:475601244925:secret:devsecops/cred_admin_win2022-SxOZNO,devsecops/cred_admin_win2022,sa-east-1,True,False,08/09/23,08/09/23,08/09/23,None,True,Default,[{'Key': 'CyberArk Safe'; 'Value': 'devsecops'}; {'Key': 'CyberArk Secret ID'; 'Value': 'gqzv6oa8'}; {'Key': 'CyberArk Account'; 'Value': 'cred_admin_win2022'}; {'Key': 'CyberArk PAM'; 'Value': 'Privilege Cloud'}; {'Key': 'Sourced by CyberArk'; 'Value': ''}]
arn:aws:secretsmanager:sa-east-1:475601244925:secret:Demo/Cloud_Service-AWSAccessKeys-AWS-ACCESSKEY-USER-50v5xv,Demo/Cloud_Service-AWSAccessKeys-AWS-ACCESSKEY-USER,sa-east-1,True,False,08/11/23,08/11/23,08/17/23,None,True,Default,[{'Key': 'CyberArk Safe'; 'Value': 'Demo'}; {'Key': 'CyberArk Secret ID'; 'Value': 'gyyv6my8'}; {'Key': 'CyberArk Account'; 'Value': 'Cloud Service-AWSAccessKeys-AWS-ACCESSKEY-USER'}; {'Key': 'CyberArk PAM'; 'Value': 'Privilege Cloud'}; {'Key': 'Sourced by CyberArk'; 'Value': ''}]
arn:aws:secretsmanager:sa-east-1:475601244925:secret:Demo/oxxo-xpos-WO1VtZ,Demo/oxxo-xpos,sa-east-1,True,False,08/17/23,08/17/23,08/24/23,None,True,Default,[{'Key': 'CyberArk Safe'; 'Value': 'Demo'}; {'Key': 'CyberArk Secret ID'; 'Value': 'gyyv6na8'}; {'Key': 'CyberArk Account'; 'Value': 'oxxo-xpos'}; {'Key': 'CyberArk PAM'; 'Value': 'Privilege Cloud'}; {'Key': 'Sourced by CyberArk'; 'Value': ''}]
arn:aws:secretsmanager:us-east-1:475601244925:secret:JodyTest/JodyTest-MySQLDB-K8BdZz,JodyTest/JodyTest-MySQLDB,us-east-1,True,False,06/16/22,08/21/23,07/25/22,None,True,Default,[{'Key': 'CyberArk Safe'; 'Value': 'JodyTest'}; {'Key': 'CyberArk Platform'; 'Value': 'MySQL'}; {'Key': 'CyberArk Account'; 'Value': 'JodyTest-MySQLDB'}; {'Key': 'Sourced by CyberArk'; 'Value': ''}; {'Key': 'CyberArk PAM'; 'Value': 'Privilege Cloud'}]
arn:aws:secretsmanager:us-east-1:475601244925:secret:JodyTest/Oracle-account-wuKZ63,JodyTest/Oracle-account,us-east-1,True,False,06/17/22,07/20/22,07/25/22,None,False,Default,[{'Key': 'CyberArk Safe'; 'Value': 'JodyTest'}; {'Key': 'CyberArk Platform'; 'Value': 'Oracle'}; {'Key': 'CyberArk Account'; 'Value': 'Oracle-account'}; {'Key': 'Sourced by CyberArk'; 'Value': ''}; {'Key': 'CyberArk PAM'; 'Value': 'Privilege Cloud'}]
arn:aws:secretsmanager:us-east-1:475601244925:secret:SM_AWS_Secrets/SM_AWS_DB_Account-MkWJy8,SM_AWS_Secrets/SM_AWS_DB_Account,us-east-1,True,False,08/09/22,09/06/22,08/09/22,None,False,Default,[{'Key': 'CyberArk Safe'; 'Value': 'SM_AWS_Secrets'}; {'Key': 'CyberArk Platform'; 'Value': 'AWSMSSQLDatabase'}; {'Key': 'CyberArk Account'; 'Value': 'SM_AWS_DB_Account'}; {'Key': 'Sourced by CyberArk'; 'Value': ''}; {'Key': 'CyberArk PAM'; 'Value': 'Privilege Cloud'}]
arn:aws:secretsmanager:us-east-1:475601244925:secret:dso-secrets-hub/Database-ISPSSMySQLServer-dev01-mysql-syOHvN,dso-secrets-hub/Database-ISPSSMySQLServer-dev01-mysql,us-east-1,True,False,09/20/22,06/28/23,08/04/23,Secrets Hub managed Privilege Cloud secret synced with AWS Secrets Manager for the CYBRWorld Secrets Hub demo use-case,False,Default,[{'Key': 'CyberArk Account'; 'Value': 'Database-ISPSSMySQLServer-dev01-mysql'}; {'Key': 'Sourced by CyberArk'; 'Value': ''}; {'Key': 'CyberArk PAM'; 'Value': 'Privilege Cloud'}; {'Key': 'CyberArk Safe'; 'Value': 'dso-secrets-hub'}; {'Key': 'CyberArk Secret ID'; 'Value': 'gy3f6my8'}; {'Key': 'CyberArk Platform'; 'Value': 'ISPSSMySQLServer'}]
arn:aws:secretsmanager:us-east-1:475601244925:secret:Secrets_Demo/bitsoCurrency-jH4ExE,Secrets_Demo/bitsoCurrency,us-east-1,True,False,12/15/22,12/15/22,06/11/23,None,False,Default,[{'Key': 'CyberArk Safe'; 'Value': 'Secrets_Demo'}; {'Key': 'CyberArk Platform'; 'Value': 'Linux-Demo'}; {'Key': 'CyberArk Account'; 'Value': 'bitsoCurrency'}; {'Key': 'Sourced by CyberArk'; 'Value': ''}; {'Key': 'CyberArk PAM'; 'Value': 'Privilege Cloud'}]
arn:aws:secretsmanager:us-east-1:475601244925:secret:dk_prod_databases/Operating_System-WinDesktopLocal-10.0.0.9-Blue-0GNAdr,dk_prod_databases/Operating_System-WinDesktopLocal-10.0.0.9-Blue,us-east-1,True,False,01/25/23,None,01/29/23,None,False,Default,[{'Key': 'CA_iCreator_Date'; 'Value': '2023-01-25T19:10:19Z'}; {'Key': 'CA_iCreator_Role'; 'Value': 'dk-secretshub-prod-AllowSecretsAccessRole-1C1YRZ6BBUIQL'}; {'Key': 'CyberArk Account'; 'Value': 'Operating System-WinDesktopLocal-10.0.0.9-Blue'}; {'Key': 'Sourced by CyberArk'; 'Value': ''}; {'Key': 'CyberArk PAM'; 'Value': 'Privilege Cloud'}; {'Key': 'CyberArk Safe'; 'Value': 'dk_prod_databases'}; {'Key': 'CyberArk Platform'; 'Value': 'WinDesktopLocal'}; {'Key': 'CA_iCreator_CreatorBy'; 'Value': 'AssumeRoleSession722b62c6-b1df-4711-8d9b-3da11d9cc660'}]
arn:aws:secretsmanager:us-east-1:475601244925:secret:Secrets_Demo/demo-secrets0-Rplz8k,Secrets_Demo/demo-secrets0,us-east-1,True,False,05/30/23,06/30/23,06/02/23,None,True,Default,[{'Key': 'CyberArk Safe'; 'Value': 'Secrets_Demo'}; {'Key': 'CyberArk Platform'; 'Value': 'Linux-Demo'}; {'Key': 'CyberArk Account'; 'Value': 'demo-secrets0'}; {'Key': 'Sourced by CyberArk'; 'Value': ''}; {'Key': 'CyberArk PAM'; 'Value': 'Privilege Cloud'}]
arn:aws:secretsmanager:us-east-1:475601244925:secret:dso-secrets-hub/Operating_System-DSOUnixViaSSH-secrets-hub-weather-app-lambda-api_key-DBeGZU,dso-secrets-hub/Operating_System-DSOUnixViaSSH-secrets-hub-weather-app-lambda-api_key,us-east-1,True,False,06/08/23,08/01/23,06/08/23,None,True,Default,[{'Key': 'CA_iCreator_Date'; 'Value': '2023-06-08T18:16:46Z'}; {'Key': 'CA_iCreator_Role'; 'Value': 'dso-secretshub-stack-AllowSecretsAccessRole-NJ483TPCH8N4'}; {'Key': 'CreatedBy'; 'Value': 'ryan.chamberlain'}; {'Key': 'CyberArk Account'; 'Value': 'Operating System-DSOUnixViaSSH-secrets-hub-weather-app-lambda-api_key'}; {'Key': 'Sourced by CyberArk'; 'Value': ''}; {'Key': 'CyberArk PAM'; 'Value': 'Privilege Cloud'}; {'Key': 'CyberArk Safe'; 'Value': 'dso-secrets-hub'}; {'Key': 'CyberArk Platform'; 'Value': 'DSOUnixViaSSH'}; {'Key': 'CreatedOn'; 'Value': '2022-09-20'}; {'Key': 'CA_iCreator_CreatorBy'; 'Value': 'AssumeRoleSession4ba231d2-956d-4a08-968e-f678784b8c9c'}]
arn:aws:secretsmanager:us-east-1:475601244925:secret:dso-secrets-hub/Operating_System-DSOUnixViaSSH-secrets-hub-weather-app-lambda-city-PBbUyW,dso-secrets-hub/Operating_System-DSOUnixViaSSH-secrets-hub-weather-app-lambda-city,us-east-1,True,False,06/08/23,08/15/23,08/23/23,None,True,Default,[{'Key': 'CA_iCreator_Date'; 'Value': '2023-06-08T18:16:46Z'}; {'Key': 'CA_iCreator_Role'; 'Value': 'dso-secretshub-stack-AllowSecretsAccessRole-NJ483TPCH8N4'}; {'Key': 'CreatedBy'; 'Value': 'ryan.chamberlain'}; {'Key': 'CyberArk Account'; 'Value': 'Operating System-DSOUnixViaSSH-secrets-hub-weather-app-lambda-city'}; {'Key': 'CyberArk Secret ID'; 'Value': 'gy3f6mjt'}; {'Key': 'demo'; 'Value': 'test'}; {'Key': 'Sourced by CyberArk'; 'Value': ''}; {'Key': 'CyberArk PAM'; 'Value': 'Privilege Cloud'}; {'Key': 'CyberArk Safe'; 'Value': 'dso-secrets-hub'}; {'Key': 'CyberArk Platform'; 'Value': 'DSOUnixViaSSH'}; {'Key': 'CreatedOn'; 'Value': '2022-09-20'}; {'Key': 'CA_iCreator_CreatorBy'; 'Value': 'AssumeRoleSession4ba231d2-956d-4a08-968e-f678784b8c9c'}]
arn:aws:secretsmanager:us-east-2:475601244925:secret:JodyTest/JodyTest-MySQLDB-K8BdZz,JodyTest/JodyTest-MySQLDB,us-east-2,True,False,06/19/22,None,07/25/22,None,False,alias/aws/secretsmanager,[{'Key': 'CyberArk Safe'; 'Value': 'JodyTest'}; {'Key': 'CyberArk Platform'; 'Value': 'MySQL'}; {'Key': 'CyberArk Account'; 'Value': 'JodyTest-MySQLDB'}; {'Key': 'Sourced by CyberArk'; 'Value': ''}; {'Key': 'CyberArk PAM'; 'Value': 'Privilege Cloud'}]
arn:aws:secretsmanager:us-east-2:475601244925:secret:JodyTest/Oracle-account-wuKZ63,JodyTest/Oracle-account,us-east-2,True,False,07/18/22,None,07/25/22,None,False,alias/aws/secretsmanager,[{'Key': 'CyberArk Safe'; 'Value': 'JodyTest'}; {'Key': 'CyberArk Platform'; 'Value': 'Oracle'}; {'Key': 'CyberArk Account'; 'Value': 'Oracle-account'}; {'Key': 'Sourced by CyberArk'; 'Value': ''}; {'Key': 'CyberArk PAM'; 'Value': 'Privilege Cloud'}]
arn:aws:secretsmanager:us-east-2:475601244925:secret:dk_dev_databases/sa_dev_mysql-UL9XOX,dk_dev_databases/sa_dev_mysql,us-east-2,True,False,08/09/22,10/13/22,01/29/23,None,False,Default,[{'Key': 'CyberArk Safe'; 'Value': 'dk_dev_databases'}; {'Key': 'CyberArk Platform'; 'Value': 'MySQL'}; {'Key': 'CyberArk Account'; 'Value': 'sa_dev_mysql'}; {'Key': 'Sourced by CyberArk'; 'Value': ''}; {'Key': 'CyberArk PAM'; 'Value': 'Privilege Cloud'}]
arn:aws:secretsmanager:us-east-2:475601244925:secret:Secure-AWS-APPS/mysql-test-aws-duGBbm,Secure-AWS-APPS/mysql-test-aws,us-east-2,True,False,09/13/22,09/13/22,09/13/22,None,False,Default,[{'Key': 'CyberArk Safe'; 'Value': 'Secure-AWS-APPS'}; {'Key': 'CyberArk Platform'; 'Value': 'MySQL'}; {'Key': 'CyberArk Account'; 'Value': 'mysql-test-aws'}; {'Key': 'Sourced by CyberArk'; 'Value': ''}; {'Key': 'CyberArk PAM'; 'Value': 'Privilege Cloud'}]
arn:aws:secretsmanager:us-east-2:475601244925:secret:Secure-AWS-APPS/mysql-root-EuQWvn,Secure-AWS-APPS/mysql-root,us-east-2,True,False,09/13/22,07/18/23,11/10/22,None,True,Default,[{'Key': 'CyberArk Safe'; 'Value': 'Secure-AWS-APPS'}; {'Key': 'CyberArk Platform'; 'Value': 'MySQL'}; {'Key': 'CyberArk Account'; 'Value': 'mysql-root'}; {'Key': 'Sourced by CyberArk'; 'Value': ''}; {'Key': 'CyberArk PAM'; 'Value': 'Privilege Cloud'}]
arn:aws:secretsmanager:us-east-2:475601244925:secret:Secure-AWS-APPS/mssql-aws-YApSzq,Secure-AWS-APPS/mssql-aws,us-east-2,True,False,09/13/22,07/31/23,06/29/23,None,True,Default,[{'Key': 'CyberArk Safe'; 'Value': 'Secure-AWS-APPS'}; {'Key': 'CyberArk Platform'; 'Value': 'MSSql'}; {'Key': 'CyberArk Account'; 'Value': 'mssql-aws'}; {'Key': 'Sourced by CyberArk'; 'Value': ''}; {'Key': 'CyberArk PAM'; 'Value': 'Privilege Cloud'}]
arn:aws:secretsmanager:us-east-2:475601244925:secret:Garnet_Demo/DB_TEST2-bsv2XM,Garnet_Demo/DB_TEST2,us-east-2,True,False,10/21/22,12/09/22,10/21/22,None,False,Default,[{'Key': 'CyberArk Safe'; 'Value': 'Garnet_Demo'}; {'Key': 'CyberArk Platform'; 'Value': 'MSSql'}; {'Key': 'CyberArk Account'; 'Value': 'DB_TEST2'}; {'Key': 'Sourced by CyberArk'; 'Value': ''}; {'Key': 'CyberArk PAM'; 'Value': 'Privilege Cloud'}]
arn:aws:secretsmanager:us-east-2:475601244925:secret:PIN-SEC-HUB-DEV/hub-lclreconcile-oFY7BK,PIN-SEC-HUB-DEV/hub-lclreconcile,us-east-2,True,False,01/26/23,03/02/23,03/10/23,None,False,Default,[{'Key': 'CyberArk Safe'; 'Value': 'PIN-SEC-HUB-DEV'}; {'Key': 'CyberArk Platform'; 'Value': 'PL-AWS-NIX-A'}; {'Key': 'CyberArk Account'; 'Value': 'hub-lclreconcile'}; {'Key': 'Sourced by CyberArk'; 'Value': ''}; {'Key': 'CyberArk PAM'; 'Value': 'Privilege Cloud'}]
arn:aws:secretsmanager:us-east-2:475601244925:secret:PIN-HUB-TEST/Operating_System-PL-AWS-NIX-KEY-U-lintgt01.pineappledev.local-pineapple-secretshub-djowJp,PIN-HUB-TEST/Operating_System-PL-AWS-NIX-KEY-U-lintgt01.pineappledev.local-pineapple-secretshub,us-east-2,True,False,02/05/23,06/12/23,08/25/23,None,False,Default,[{'Key': 'CyberArk Account'; 'Value': 'Operating System-PL-AWS-NIX-KEY-U-lintgt01.pineappledev.local-pineapple-secretshub'}; {'Key': 'Sourced by CyberArk'; 'Value': ''}; {'Key': 'CyberArk PAM'; 'Value': 'Privilege Cloud'}; {'Key': 'CyberArk Safe'; 'Value': 'PIN-HUB-TEST'}; {'Key': 'CyberArk Secret ID'; 'Value': 'g44f6my8'}; {'Key': 'CyberArk Platform'; 'Value': 'PL-AWS-NIX-KEY-U'}]
arn:aws:secretsmanager:us-east-2:475601244925:secret:Secure-AWS-APPS/Operating_System-UnixSSHKeys-10.0.0.1-test2-oFAxJ0,Secure-AWS-APPS/Operating_System-UnixSSHKeys-10.0.0.1-test2,us-east-2,True,False,07/31/23,None,08/15/23,None,False,Default,[{'Key': 'CA_iCreator_Date'; 'Value': '2023-07-31T20:49:28Z'}; {'Key': 'CA_iCreator_Role'; 'Value': 'dk-secretshub-AllowSecretsAccessRole-2OC6DBN74GK9'}; {'Key': 'CyberArk Account'; 'Value': 'Operating System-UnixSSHKeys-10.0.0.1-test2'}; {'Key': 'CyberArk PAM'; 'Value': 'Privilege Cloud'}; {'Key': 'Sourced by CyberArk'; 'Value': ''}; {'Key': 'CyberArk Safe'; 'Value': 'Secure-AWS-APPS'}; {'Key': 'CyberArk Secret ID'; 'Value': 'gi3f6nq8'}; {'Key': 'CA_iCreator_CreatorBy'; 'Value': 'AssumeRoleSession99977d2b-500b-4bda-9043-cbb3c598815d'}]
arn:aws:secretsmanager:us-east-2:475601244925:secret:Secure-AWS-APPS/Operating_System-WinDesktopLocal-10.0.0.1-admin-k286fo,Secure-AWS-APPS/Operating_System-WinDesktopLocal-10.0.0.1-admin,us-east-2,True,False,08/15/23,None,08/15/23,None,False,Default,[{'Key': 'CA_iCreator_Date'; 'Value': '2023-08-15T21:21:29Z'}; {'Key': 'CA_iCreator_Role'; 'Value': 'dk-secretshub-AllowSecretsAccessRole-2OC6DBN74GK9'}; {'Key': 'CyberArk Account'; 'Value': 'Operating System-WinDesktopLocal-10.0.0.1-admin'}; {'Key': 'CyberArk PAM'; 'Value': 'Privilege Cloud'}; {'Key': 'Sourced by CyberArk'; 'Value': ''}; {'Key': 'CyberArk Safe'; 'Value': 'Secure-AWS-APPS'}; {'Key': 'CyberArk Secret ID'; 'Value': 'gi3f6ny8'}; {'Key': 'CA_iCreator_CreatorBy'; 'Value': 'AssumeRoleSession8c8e61a5-b3cf-4a80-830b-ffd38bc012c0'}]
arn:aws:secretsmanager:us-west-1:475601244925:secret:aslanramos/Database-MSSql-10.0.0.1-userdb-U8EogL,aslanramos/Database-MSSql-10.0.0.1-userdb,us-west-1,True,False,07/20/22,08/17/22,08/17/22,None,False,Default,[{'Key': 'CyberArk Safe'; 'Value': 'aslanramos'}; {'Key': 'CyberArk Platform'; 'Value': 'MSSql'}; {'Key': 'CyberArk Account'; 'Value': 'Database-MSSql-10.0.0.1-userdb'}; {'Key': 'Sourced by CyberArk'; 'Value': ''}; {'Key': 'CyberArk PAM'; 'Value': 'Privilege Cloud'}]
arn:aws:secretsmanager:us-west-1:475601244925:secret:test-pmac/AWS-Niwot-Admin-Keys-4HApVR,test-pmac/AWS-Niwot-Admin-Keys,us-west-1,True,False,08/10/23,08/10/23,08/20/23,None,True,Default,[{'Key': 'CyberArk Safe'; 'Value': 'test-pmac'}; {'Key': 'CyberArk Secret ID'; 'Value': 'ge2f6ni8'}; {'Key': 'CyberArk Account'; 'Value': 'AWS-Niwot-Admin-Keys'}; {'Key': 'CyberArk PAM'; 'Value': 'Privilege Cloud'}; {'Key': 'Sourced by CyberArk'; 'Value': ''}]
arn:aws:secretsmanager:us-west-1:475601244925:secret:test-pmac/conforming-account-name-pmac-unix-ssh-YVsAzr,test-pmac/conforming-account-name-pmac-unix-ssh,us-west-1,True,False,08/10/23,None,08/10/23,None,False,Default,[{'Key': 'CyberArk Safe'; 'Value': 'test-pmac'}; {'Key': 'CyberArk Secret ID'; 'Value': 'ge2f6my8'}; {'Key': 'CyberArk Account'; 'Value': 'conforming-account-name-pmac-unix-ssh'}; {'Key': 'CyberArk PAM'; 'Value': 'Privilege Cloud'}; {'Key': 'Sourced by CyberArk'; 'Value': ''}]
arn:aws:secretsmanager:us-west-1:475601244925:secret:test-pmac/svc_flows_bot-pI2JcR,test-pmac/svc_flows_bot,us-west-1,True,False,08/10/23,08/17/23,08/10/23,None,True,Default,[{'Key': 'CyberArk Safe'; 'Value': 'test-pmac'}; {'Key': 'CyberArk Secret ID'; 'Value': 'ge2f6na8'}; {'Key': 'CyberArk Account'; 'Value': 'svc_flows_bot'}; {'Key': 'CyberArk PAM'; 'Value': 'Privilege Cloud'}; {'Key': 'Sourced by CyberArk'; 'Value': ''}]
arn:aws:secretsmanager:us-west-1:475601244925:secret:End2EndFlowsTest-620/E2E-SSH-620-cloVOu,End2EndFlowsTest-620/E2E-SSH-620,us-west-1,True,False,08/10/23,None,08/10/23,None,False,Default,[{'Key': 'CyberArk Safe'; 'Value': 'End2EndFlowsTest-620'}; {'Key': 'CyberArk Secret ID'; 'Value': 'gi4f6my8'}; {'Key': 'CyberArk Account'; 'Value': 'E2E-SSH-620'}; {'Key': 'CyberArk PAM'; 'Value': 'Privilege Cloud'}; {'Key': 'Sourced by CyberArk'; 'Value': ''}]
arn:aws:secretsmanager:us-west-1:475601244925:secret:End2EndFlowsTest-007/E2E-SSH-007-IyhxPP,End2EndFlowsTest-007/E2E-SSH-007,us-west-1,True,False,08/14/23,08/14/23,08/14/23,None,True,Default,[{'Key': 'CyberArk Safe'; 'Value': 'End2EndFlowsTest-007'}; {'Key': 'CyberArk Secret ID'; 'Value': 'gi4v6my8'}; {'Key': 'CyberArk Account'; 'Value': 'E2E-SSH-007'}; {'Key': 'CyberArk PAM'; 'Value': 'Privilege Cloud'}; {'Key': 'Sourced by CyberArk'; 'Value': ''}]
arn:aws:secretsmanager:us-west-1:475601244925:secret:cf-test-01/unique-001-Kgon7h,cf-test-01/unique-001,us-west-1,True,False,08/17/23,None,08/17/23,None,False,Default,[{'Key': 'CyberArk Safe'; 'Value': 'cf-test-01'}; {'Key': 'CyberArk Secret ID'; 'Value': 'gmyv6my8'}; {'Key': 'CyberArk Account'; 'Value': 'unique-001'}; {'Key': 'CyberArk PAM'; 'Value': 'Privilege Cloud'}; {'Key': 'Sourced by CyberArk'; 'Value': ''}]
arn:aws:secretsmanager:us-west-1:475601244925:secret:cf-test-01/MyKeyPair007-01-KbQZsl,cf-test-01/MyKeyPair007-01,us-west-1,True,False,08/17/23,08/17/23,08/17/23,None,True,Default,[{'Key': 'CyberArk Safe'; 'Value': 'cf-test-01'}; {'Key': 'CyberArk Secret ID'; 'Value': 'gmyv6na8'}; {'Key': 'CyberArk Account'; 'Value': 'MyKeyPair007-01'}; {'Key': 'CyberArk PAM'; 'Value': 'Privilege Cloud'}; {'Key': 'Sourced by CyberArk'; 'Value': ''}]
arn:aws:secretsmanager:us-west-1:475601244925:secret:cf-test-01/MyKeyPair007-02-YuhXwq,cf-test-01/MyKeyPair007-02,us-west-1,True,False,08/17/23,None,08/20/23,None,False,Default,[{'Key': 'CyberArk Safe'; 'Value': 'cf-test-01'}; {'Key': 'CyberArk Secret ID'; 'Value': 'gmyv6ni8'}; {'Key': 'CyberArk Account'; 'Value': 'MyKeyPair007-02'}; {'Key': 'CyberArk PAM'; 'Value': 'Privilege Cloud'}; {'Key': 'Sourced by CyberArk'; 'Value': ''}]
arn:aws:secretsmanager:us-west-2:475601244925:secret:Evans_Safe/MSSQL_AppUser-E8XTfV,Evans_Safe/MSSQL_AppUser,us-west-2,True,False,08/16/22,10/20/22,09/16/22,None,False,Default,[{'Key': 'CyberArk Safe'; 'Value': 'Evans_Safe'}; {'Key': 'CyberArk Platform'; 'Value': 'MSSql'}; {'Key': 'CyberArk Account'; 'Value': 'MSSQL_AppUser'}; {'Key': 'Sourced by CyberArk'; 'Value': ''}; {'Key': 'CyberArk PAM'; 'Value': 'Privilege Cloud'}]
arn:aws:secretsmanager:us-west-2:475601244925:secret:Evans-Safe/MSSQL-AppUser-gdW2HW,Evans-Safe/MSSQL-AppUser,us-west-2,True,False,06/02/23,None,06/09/23,None,False,Default,[{'Key': 'CA_iCreator_Date'; 'Value': '2023-06-02T19:15:07Z'}; {'Key': 'CA_iCreator_Role'; 'Value': 'Evans-SH-Stack-AllowSecretsAccessRole-9PR2F0X0TNO3'}; {'Key': 'CyberArk Account'; 'Value': 'MSSQL-AppUser'}; {'Key': 'Sourced by CyberArk'; 'Value': ''}; {'Key': 'CyberArk PAM'; 'Value': 'Privilege Cloud'}; {'Key': 'CyberArk Safe'; 'Value': 'Evans-Safe'}; {'Key': 'CyberArk Platform'; 'Value': 'MSSql'}; {'Key': 'CA_iCreator_CreatorBy'; 'Value': 'AssumeRoleSession118a2de6-c70a-47cd-bb4f-1bd013759b3e'}]
arn:aws:secretsmanager:us-west-2:475601244925:secret:Evans-Safe/Database-MSSql-10.10.1.5-app-test-sBV6P5,Evans-Safe/Database-MSSql-10.10.1.5-app-test,us-west-2,True,False,06/21/23,06/28/23,07/14/23,None,False,Default,[{'Key': 'CA_iCreator_Date'; 'Value': '2023-06-21T18:07:05Z'}; {'Key': 'CA_iCreator_Role'; 'Value': 'Evans-SH-Stack-AllowSecretsAccessRole-9PR2F0X0TNO3'}; {'Key': 'CyberArk Account'; 'Value': 'Database-MSSql-10.10.1.5-app-test'}; {'Key': 'Sourced by CyberArk'; 'Value': ''}; {'Key': 'CyberArk PAM'; 'Value': 'Privilege Cloud'}; {'Key': 'CyberArk Safe'; 'Value': 'Evans-Safe'}; {'Key': 'CyberArk Secret ID'; 'Value': 'ge2f6na8'}; {'Key': 'CyberArk Platform'; 'Value': 'DummyPlatform'}; {'Key': 'CA_iCreator_CreatorBy'; 'Value': 'AssumeRoleSession1578974f-b7ce-4c40-ad7d-e93e50b98586'}]
arn:aws:secretsmanager:us-west-2:475601244925:secret:Evans-Safe/Operating_System-WinServerLocal-10.10.1.4-cyberadmin-c09eGn,Evans-Safe/Operating_System-WinServerLocal-10.10.1.4-cyberadmin,us-west-2,True,False,06/22/23,None,06/26/23,None,False,Default,[{'Key': 'CA_iCreator_Date'; 'Value': '2023-06-22T03:27:12Z'}; {'Key': 'CA_iCreator_Role'; 'Value': 'Evans-SH-Stack-AllowSecretsAccessRole-9PR2F0X0TNO3'}; {'Key': 'CyberArk Account'; 'Value': 'Operating System-WinServerLocal-10.10.1.4-cyberadmin'}; {'Key': 'Sourced by CyberArk'; 'Value': ''}; {'Key': 'CyberArk PAM'; 'Value': 'Privilege Cloud'}; {'Key': 'CyberArk Safe'; 'Value': 'Evans-Safe'}; {'Key': 'CyberArk Platform'; 'Value': 'WinServerLocal'}; {'Key': 'CA_iCreator_CreatorBy'; 'Value': 'AssumeRoleSession0030b6f3-1c23-40c5-b3d2-f9b6a02655ee'}]
arn:aws:secretsmanager:ca-central-1:475601244925:secret:JodyDemo/MYSQLServer3-R69Vfo,JodyDemo/MYSQLServer3,ca-central-1,False,False,02/16/23,08/08/23,02/22/23,None,True,Default,[{'Key': 'Owner'; 'Value': 'Jody Hunt'}; {'Key': 'CA_iCreator_Date'; 'Value': '2023-02-16T19:33:44Z'}; {'Key': 'CA_iCreator_IAM_User'; 'Value': 'JodyTest-restricted-user'}]
arn:aws:secretsmanager:ca-central-1:475601244925:secret:my-unmanaged-secret-723kPe,my-unmanaged-secret,ca-central-1,False,False,08/29/23,08/29/23,08/29/23,None,True,Default,[{'Key': 'Owner'; 'Value': 'Jody Hunt'}; {'Key': 'CA_iCreator_Date'; 'Value': '2023-08-29T13:17:36Z'}; {'Key': 'CA_iCreator_IAM_User'; 'Value': 'JodyTest-restricted-user'}]
arn:aws:secretsmanager:us-east-1:475601244925:secret:dso-user-managed-secret-LjMvFf,dso-user-managed-secret,us-east-1,False,False,10/11/22,08/09/23,08/21/23,None,True,Default,None
arn:aws:secretsmanager:us-east-2:475601244925:secret:LATAM/SQL_AD_Key-hGfZWB,LATAM/SQL_AD_Key,us-east-2,False,False,07/13/23,08/08/23,07/13/23,None,True,arn:aws:kms:us-east-2:475601244925:key/cedde518-2483-46b6-a8a5-a2f874a9b35a,[{'Key': 'CA_iCreator_Date'; 'Value': '2023-07-13T21:05:46Z'}; {'Key': 'Purpose'; 'Value': 'SE Federated Access'}; {'Key': 'CA_iCreator_Role'; 'Value': 'CyberArk-Identity'}; {'Key': 'CA_iCreator_CreatorBy'; 'Value': 'bruno.tarasco@cyberark.com'}]
arn:aws:secretsmanager:us-east-2:475601244925:secret:prod/test/dk-qZ5pSK,prod/test/dk,us-east-2,False,False,07/24/23,08/08/23,07/24/23,None,True,Default,[{'Key': 'CA_iCreator_Date'; 'Value': '2023-07-24T16:49:11Z'}; {'Key': 'CA_iCreator_Role'; 'Value': 'AWSReservedSSO_AdministratorAccess_c6a16dbf80950fb5'}; {'Key': 'CA_iCreator_CreatorBy'; 'Value': 'Darren.Khan@cyberark.com'}]
arn:aws:secretsmanager:us-west-1:475601244925:secret:rds-db-credentials/cluster-D7BATMKQZ47PZWYPRNBQ6SAB7Y/administrator-bLMUNH,rds-db-credentials/cluster-D7BATMKQZ47PZWYPRNBQ6SAB7Y/administrator,us-west-1,False,False,03/04/22,None,03/04/22,RDS database administrator credentials for dan-aurora-test-1,False,Default,None
arn:aws:secretsmanager:us-west-1:475601244925:secret:ussewest_test_secret_from_AWS_SM-g483VI,ussewest_test_secret_from_AWS_SM,us-west-1,False,False,05/18/22,07/25/22,05/31/22,None,False,Default,[{'Key': 'USSEWEST'; 'Value': 'TRUE'}]
arn:aws:secretsmanager:us-west-1:475601244925:secret:ussewest-dam-rsa-2023-cybrlab-xNhDD4,ussewest-dam-rsa-2023-cybrlab,us-west-1,False,False,03/29/23,03/29/23,03/29/23,keys to use with cybrlab / terraform for the rsa 2023 secrets management demo,False,Default,[{'Key': 'Owner'; 'Value': 'Dennis Mastin'}; {'Key': 'CA_iCreator_Date'; 'Value': '2023-03-29T17:21:36Z'}; {'Key': 'CA_iCreator_Role'; 'Value': 'CyberArk-Identity'}; {'Key': 'ussewest'; 'Value': 'TRUE'}; {'Key': 'Purpose'; 'Value': 'SE Federated Access'}; {'Key': 'CA_iCreator_CreatorBy'; 'Value': 'dennis.mastin@cyberark.com'}]
arn:aws:secretsmanager:us-west-2:475601244925:secret:Evans/test/secret-ahoRUv,Evans/test/secret,us-west-2,False,False,08/16/22,08/09/23,08/16/22,None,True,Default,None
arn:aws:secretsmanager:us-west-2:475601244925:secret:attack-defend-db-ZQJkNS,attack-defend-db,us-west-2,False,False,08/24/23,None,08/24/23,None,False,Default,[{'Key': 'CA_iCreator_Date'; 'Value': '2023-08-24T19:00:06Z'}; {'Key': 'Purpose'; 'Value': 'SE Federated Access'}; {'Key': 'CA_iCreator_Role'; 'Value': 'CyberArk-Identity'}; {'Key': 'CA_iCreator_CreatorBy'; 'Value': 'evan.litwak@cyberark.com'}]
